Method,Name,Error,Occurrences,First Seen,Last Seen
POST,/v1/predict,CatchResponseError('SLA violation: internal latency was 51.79ms'),1,2026-09-11T23:53:36Z,2026-09-11T23:53:36Z
POST,/v1/predict,CatchResponseError('SLA violation: internal latency was 92.93ms'),1,2026-09-11T23:53:38Z,2026-09-11T23:53:38Z
POST,/v1/predict,CatchResponseError('SLA violation: internal latency was 76.41ms'),1,2026-09-11T23:53:38Z,2026-09-11T23:53:38Z
POST,/v1/predict,CatchResponseError('SLA violation: internal latency was 240.66ms'),1,2026-09-11T23:52:57Z,2026-09-11T23:52:57Z
POST,/v1/predict,CatchResponseError('SLA violation: internal latency was 71.55ms'),1,2026-09-11T23:53:29Z,2026-09-11T23:53:29Z
POST,/v1/predict,CatchResponseError('HTTP 0: '),6,2026-09-11T23:53:20Z,2026-09-11T23:53:26Z
POST,/v1/predict,CatchResponseError('SLA violation: internal latency was 254.56ms'),1,2026-09-11T23:52:53Z,2026-09-11T23:52:53Z
POST,/v1/predict,CatchResponseError('SLA violation: internal latency was 120.38ms'),1,2026-09-11T23:53:32Z,2026-09-11T23:53:32Z
POST,/v1/predict,CatchResponseError('SLA violation: internal latency was 52.76ms'),1,2026-09-11T23:53:08Z,2026-09-11T23:53:08Z
POST,/v1/predict,CatchResponseError('SLA violation: internal latency was 75.14ms'),1,2026-09-11T23:53:34Z,2026-09-11T23:53:34Z
POST,/v1/predict,CatchResponseError('SLA violation: internal latency was 129.31ms'),1,2026-09-11T23:53:29Z,2026-09-11T23:53:29Z
POST,/v1/predict,CatchResponseError('SLA violation: internal latency was 64.03ms'),1,2026-09-11T23:53:31Z,2026-09-11T23:53:31Z
POST,/v1/predict,CatchResponseError('SLA violation: internal latency was 90.69ms'),1,2026-09-11T23:53:22Z,2026-09-11T23:53:22Z
POST,/v1/predict,CatchResponseError('SLA violation: internal latency was 113.12ms'),1,2026-09-11T23:53:20Z,2026-09-11T23:53:20Z
POST,/v1/predict,CatchResponseError('SLA violation: internal latency was 56.44ms'),1,2026-09-11T23:53:34Z,2026-09-11T23:53:34Z
POST,/v1/predict,CatchResponseError('SLA violation: internal latency was 246.1ms'),1,2026-09-11T23:52:57Z,2026-09-11T23:52:57Z
POST,/v1/predict,CatchResponseError('SLA violation: internal latency was 80.69ms'),1,2026-09-11T23:53:34Z,2026-09-11T23:53:34Z
POST,/v1/predict,CatchResponseError('SLA violation: internal latency was 73.73ms'),1,2026-09-11T23:53:29Z,2026-09-11T23:53:29Z
POST,/v1/predict,CatchResponseError('SLA violation: internal latency was 172.01ms'),1,2026-09-11T23:52:53Z,2026-09-11T23:52:53Z
POST,/v1/predict,CatchResponseError('SLA violation: internal latency was 99.7ms'),1,2026-09-11T23:53:30Z,2026-09-11T23:53:30Z
POST,/v1/predict,CatchResponseError('SLA violation: internal latency was 93.73ms'),1,2026-09-11T23:53:23Z,2026-09-11T23:53:23Z
POST,/v1/predict,CatchResponseError('SLA violation: internal latency was 67.21ms'),1,2026-09-11T23:53:28Z,2026-09-11T23:53:28Z
POST,/v1/predict,CatchResponseError('SLA violation: internal latency was 65.77ms'),1,2026-09-11T23:53:23Z,2026-09-11T23:53:23Z
POST,/v1/predict,CatchResponseError('SLA violation: internal latency was 52.31ms'),1,2026-09-11T23:53:34Z,2026-09-11T23:53:34Z
POST,/v1/predict,CatchResponseError('SLA violation: internal latency was 56.7ms'),1,2026-09-11T23:53:22Z,2026-09-11T23:53:22Z
POST,/v1/predict,CatchResponseError('SLA violation: internal latency was 64.32ms'),1,2026-09-11T23:53:23Z,2026-09-11T23:53:23Z
POST,/v1/predict,CatchResponseError('SLA violation: internal latency was 118.38ms'),1,2026-09-11T23:53:38Z,2026-09-11T23:53:38Z
POST,/v1/predict,CatchResponseError('SLA violation: internal latency was 128.02ms'),1,2026-09-11T23:53:38Z,2026-09-11T23:53:38Z
POST,/v1/predict,CatchResponseError('SLA violation: internal latency was 113.19ms'),1,2026-09-11T23:53:38Z,2026-09-11T23:53:38Z
POST,/v1/predict,CatchResponseError('SLA violation: internal latency was 55.22ms'),1,2026-09-11T23:53:22Z,2026-09-11T23:53:22Z
POST,/v1/predict,CatchResponseError('SLA violation: internal latency was 57.87ms'),1,2026-09-11T23:53:36Z,2026-09-11T23:53:36Z
POST,/v1/predict,CatchResponseError('SLA violation: internal latency was 60.43ms'),1,2026-09-11T23:53:34Z,2026-09-11T23:53:34Z
POST,/v1/predict,CatchResponseError('SLA violation: internal latency was 78.67ms'),1,2026-09-11T23:53:09Z,2026-09-11T23:53:09Z
POST,/v1/predict,CatchResponseError('SLA violation: internal latency was 62.6ms'),1,2026-09-11T23:53:38Z,2026-09-11T23:53:38Z
POST,/v1/predict,CatchResponseError('SLA violation: internal latency was 85.87ms'),1,2026-09-11T23:53:32Z,2026-09-11T23:53:32Z
POST,/v1/predict,CatchResponseError('SLA violation: internal latency was 97.2ms'),1,2026-09-11T23:53:36Z,2026-09-11T23:53:36Z
POST,/v1/predict,CatchResponseError('SLA violation: internal latency was 80.04ms'),1,2026-09-11T23:53:09Z,2026-09-11T23:53:09Z
POST,/v1/predict,CatchResponseError('SLA violation: internal latency was 70.89ms'),1,2026-09-11T23:53:24Z,2026-09-11T23:53:24Z
POST,/v1/predict,CatchResponseError('SLA violation: internal latency was 79.42ms'),1,2026-09-11T23:53:09Z,2026-09-11T23:53:09Z
POST,/v1/predict,CatchResponseError('SLA violation: internal latency was 50.45ms'),1,2026-09-11T23:53:00Z,2026-09-11T23:53:00Z
POST,/v1/predict,CatchResponseError('SLA violation: internal latency was 53.29ms'),1,2026-09-11T23:53:08Z,2026-09-11T23:53:08Z
POST,/v1/predict,CatchResponseError('SLA violation: internal latency was 70.02ms'),1,2026-09-11T23:53:22Z,2026-09-11T23:53:22Z
POST,/v1/predict,CatchResponseError('SLA violation: internal latency was 80.82ms'),1,2026-09-11T23:53:23Z,2026-09-11T23:53:23Z
POST,/v1/predict,CatchResponseError('SLA violation: internal latency was 51.46ms'),1,2026-09-11T23:53:36Z,2026-09-11T23:53:36Z
POST,/v1/predict,CatchResponseError('SLA violation: internal latency was 312.0ms'),1,2026-09-11T23:53:01Z,2026-09-11T23:53:01Z
POST,/v1/predict,CatchResponseError('SLA violation: internal latency was 79.82ms'),1,2026-09-11T23:53:09Z,2026-09-11T23:53:09Z
POST,/v1/predict,CatchResponseError('SLA violation: internal latency was 55.98ms'),1,2026-09-11T23:53:25Z,2026-09-11T23:53:25Z
POST,/v1/predict,CatchResponseError('SLA violation: internal latency was 71.54ms'),1,2026-09-11T23:53:31Z,2026-09-11T23:53:31Z
POST,/v1/predict,CatchResponseError('SLA violation: internal latency was 93.87ms'),1,2026-09-11T23:53:32Z,2026-09-11T23:53:32Z
POST,/v1/predict,CatchResponseError('SLA violation: internal latency was 131.88ms'),1,2026-09-11T23:53:38Z,2026-09-11T23:53:38Z
POST,/v1/predict,CatchResponseError('SLA violation: internal latency was 51.59ms'),1,2026-09-11T23:53:30Z,2026-09-11T23:53:30Z
POST,/v1/predict,CatchResponseError('SLA violation: internal latency was 105.16ms'),1,2026-09-11T23:53:36Z,2026-09-11T23:53:36Z
POST,/v1/predict,CatchResponseError('SLA violation: internal latency was 62.1ms'),1,2026-09-11T23:53:00Z,2026-09-11T23:53:00Z
POST,/v1/predict,CatchResponseError('SLA violation: internal latency was 57.24ms'),1,2026-09-11T23:53:22Z,2026-09-11T23:53:22Z
POST,/v1/predict,CatchResponseError('SLA violation: internal latency was 55.05ms'),1,2026-09-11T23:53:27Z,2026-09-11T23:53:27Z
POST,/v1/predict,CatchResponseError('SLA violation: internal latency was 62.52ms'),1,2026-09-11T23:53:36Z,2026-09-11T23:53:36Z
POST,/v1/predict,CatchResponseError('SLA violation: internal latency was 55.89ms'),1,2026-09-11T23:53:28Z,2026-09-11T23:53:28Z
POST,/v1/predict,CatchResponseError('SLA violation: internal latency was 57.49ms'),1,2026-09-11T23:53:30Z,2026-09-11T23:53:30Z
POST,/v1/predict,CatchResponseError('SLA violation: internal latency was 54.0ms'),1,2026-09-11T23:53:36Z,2026-09-11T23:53:36Z
POST,/v1/predict,CatchResponseError('SLA violation: internal latency was 65.01ms'),1,2026-09-11T23:53:32Z,2026-09-11T23:53:32Z
POST,/v1/predict,CatchResponseError('SLA violation: internal latency was 77.82ms'),1,2026-09-11T23:53:29Z,2026-09-11T23:53:29Z
POST,/v1/predict,CatchResponseError('SLA violation: internal latency was 51.58ms'),1,2026-09-11T23:53:25Z,2026-09-11T23:53:25Z
POST,/v1/predict,CatchResponseError('SLA violation: internal latency was 50.68ms'),1,2026-09-11T23:53:36Z,2026-09-11T23:53:36Z
POST,/v1/predict,CatchResponseError('SLA violation: internal latency was 93.97ms'),1,2026-09-11T23:53:32Z,2026-09-11T23:53:32Z
POST,/v1/predict,CatchResponseError('SLA violation: internal latency was 121.97ms'),1,2026-09-11T23:52:58Z,2026-09-11T23:52:58Z
POST,/v1/predict,CatchResponseError('SLA violation: internal latency was 65.46ms'),1,2026-09-11T23:52:59Z,2026-09-11T23:52:59Z
POST,/v1/predict,CatchResponseError('SLA violation: internal latency was 70.21ms'),1,2026-09-11T23:53:23Z,2026-09-11T23:53:23Z
POST,/v1/predict,CatchResponseError('SLA violation: internal latency was 57.29ms'),1,2026-09-11T23:53:33Z,2026-09-11T23:53:33Z
POST,/v1/predict,CatchResponseError('SLA violation: internal latency was 100.42ms'),1,2026-09-11T23:53:32Z,2026-09-11T23:53:32Z
POST,/v1/predict,CatchResponseError('SLA violation: internal latency was 54.13ms'),1,2026-09-11T23:53:08Z,2026-09-11T23:53:08Z
POST,/v1/predict,CatchResponseError('SLA violation: internal latency was 68.98ms'),1,2026-09-11T23:53:24Z,2026-09-11T23:53:24Z
POST,/v1/predict,CatchResponseError('SLA violation: internal latency was 53.15ms'),1,2026-09-11T23:53:31Z,2026-09-11T23:53:31Z
POST,/v1/predict,CatchResponseError('SLA violation: internal latency was 54.39ms'),1,2026-09-11T23:53:33Z,2026-09-11T23:53:33Z
POST,/v1/predict,CatchResponseError('SLA violation: internal latency was 64.31ms'),1,2026-09-11T23:53:20Z,2026-09-11T23:53:20Z
POST,/v1/predict,CatchResponseError('SLA violation: internal latency was 68.38ms'),1,2026-09-11T23:53:34Z,2026-09-11T23:53:34Z
POST,/v1/predict,CatchResponseError('SLA violation: internal latency was 63.38ms'),1,2026-09-11T23:53:26Z,2026-09-11T23:53:26Z
POST,/v1/predict,CatchResponseError('SLA violation: internal latency was 61.23ms'),1,2026-09-11T23:53:23Z,2026-09-11T23:53:23Z
POST,/v1/predict,CatchResponseError('SLA violation: internal latency was 77.36ms'),1,2026-09-11T23:53:34Z,2026-09-11T23:53:34Z
POST,/v1/predict,CatchResponseError('SLA violation: internal latency was 56.63ms'),1,2026-09-11T23:53:28Z,2026-09-11T23:53:28Z
POST,/v1/predict,CatchResponseError('SLA violation: internal latency was 142.3ms'),1,2026-09-11T23:53:38Z,2026-09-11T23:53:38Z
POST,/v1/predict,CatchResponseError('SLA violation: internal latency was 72.3ms'),1,2026-09-11T23:53:23Z,2026-09-11T23:53:23Z
POST,/v1/predict,CatchResponseError('SLA violation: internal latency was 10797.23ms'),1,2026-09-11T23:53:20Z,2026-09-11T23:53:20Z
POST,/v1/predict,CatchResponseError('SLA violation: internal latency was 58.53ms'),1,2026-09-11T23:53:33Z,2026-09-11T23:53:33Z
POST,/v1/predict,CatchResponseError('SLA violation: internal latency was 50.92ms'),1,2026-09-11T23:53:25Z,2026-09-11T23:53:25Z
POST,/v1/predict,CatchResponseError('SLA violation: internal latency was 82.21ms'),1,2026-09-11T23:53:23Z,2026-09-11T23:53:23Z
POST,/v1/predict,CatchResponseError('SLA violation: internal latency was 54.83ms'),1,2026-09-11T23:53:25Z,2026-09-11T23:53:25Z
POST,/v1/predict,CatchResponseError('SLA violation: internal latency was 62.63ms'),1,2026-09-11T23:53:06Z,2026-09-11T23:53:06Z
POST,/v1/predict,CatchResponseError('SLA violation: internal latency was 50.28ms'),1,2026-09-11T23:53:32Z,2026-09-11T23:53:32Z
POST,/v1/predict,CatchResponseError('SLA violation: internal latency was 73.62ms'),1,2026-09-11T23:53:29Z,2026-09-11T23:53:29Z
POST,/v1/predict,CatchResponseError('SLA violation: internal latency was 58.12ms'),1,2026-09-11T23:53:36Z,2026-09-11T23:53:36Z
POST,/v1/predict,CatchResponseError('SLA violation: internal latency was 62.39ms'),1,2026-09-11T23:52:55Z,2026-09-11T23:52:55Z
POST,/v1/predict,CatchResponseError('SLA violation: internal latency was 56.05ms'),1,2026-09-11T23:53:33Z,2026-09-11T23:53:33Z
POST,/v1/predict,CatchResponseError('SLA violation: internal latency was 56.93ms'),1,2026-09-11T23:53:05Z,2026-09-11T23:53:05Z
POST,/v1/predict,CatchResponseError('SLA violation: internal latency was 58.71ms'),1,2026-09-11T23:53:36Z,2026-09-11T23:53:36Z
POST,/v1/predict,CatchResponseError('SLA violation: internal latency was 52.06ms'),1,2026-09-11T23:53:08Z,2026-09-11T23:53:08Z
POST,/v1/predict,CatchResponseError('SLA violation: internal latency was 76.36ms'),1,2026-09-11T23:53:38Z,2026-09-11T23:53:38Z
POST,/v1/predict,CatchResponseError('SLA violation: internal latency was 69.99ms'),1,2026-09-11T23:53:23Z,2026-09-11T23:53:23Z
POST,/v1/predict,CatchResponseError('SLA violation: internal latency was 57.63ms'),1,2026-09-11T23:53:35Z,2026-09-11T23:53:35Z
POST,/v1/predict,CatchResponseError('SLA violation: internal latency was 60.87ms'),1,2026-09-11T23:53:26Z,2026-09-11T23:53:26Z
POST,/v1/predict,CatchResponseError('SLA violation: internal latency was 70.88ms'),1,2026-09-11T23:53:38Z,2026-09-11T23:53:38Z
POST,/v1/predict,CatchResponseError('SLA violation: internal latency was 52.56ms'),1,2026-09-11T23:53:24Z,2026-09-11T23:53:24Z
POST,/v1/predict,CatchResponseError('SLA violation: internal latency was 60.78ms'),1,2026-09-11T23:53:33Z,2026-09-11T23:53:33Z
POST,/v1/predict,CatchResponseError('SLA violation: internal latency was 62.86ms'),1,2026-09-11T23:53:02Z,2026-09-11T23:53:02Z
POST,/v1/predict,CatchResponseError('SLA violation: internal latency was 51.6ms'),1,2026-09-11T23:53:28Z,2026-09-11T23:53:28Z
POST,/v1/predict,CatchResponseError('SLA violation: internal latency was 63.24ms'),1,2026-09-11T23:53:26Z,2026-09-11T23:53:26Z
POST,/v1/predict,CatchResponseError('SLA violation: internal latency was 86.98ms'),1,2026-09-11T23:53:09Z,2026-09-11T23:53:09Z
POST,/v1/predict,CatchResponseError('SLA violation: internal latency was 77.02ms'),1,2026-09-11T23:53:38Z,2026-09-11T23:53:38Z
POST,/v1/predict,CatchResponseError('SLA violation: internal latency was 70.83ms'),1,2026-09-11T23:53:29Z,2026-09-11T23:53:29Z
POST,/v1/predict,CatchResponseError('SLA violation: internal latency was 58.46ms'),1,2026-09-11T23:53:09Z,2026-09-11T23:53:09Z
POST,/v1/predict,CatchResponseError('SLA violation: internal latency was 83.62ms'),1,2026-09-11T23:53:38Z,2026-09-11T23:53:38Z
POST,/v1/predict,CatchResponseError('SLA violation: internal latency was 125.54ms'),1,2026-09-11T23:53:38Z,2026-09-11T23:53:38Z
POST,/v1/predict,CatchResponseError('SLA violation: internal latency was 58.29ms'),1,2026-09-11T23:53:09Z,2026-09-11T23:53:09Z
POST,/v1/predict,CatchResponseError('SLA violation: internal latency was 68.22ms'),1,2026-09-11T23:53:23Z,2026-09-11T23:53:23Z
POST,/v1/predict,CatchResponseError('SLA violation: internal latency was 53.21ms'),2,2026-09-11T23:53:27Z,2026-09-11T23:53:34Z
POST,/v1/predict,CatchResponseError('SLA violation: internal latency was 55.76ms'),1,2026-09-11T23:53:08Z,2026-09-11T23:53:08Z
POST,/v1/predict,CatchResponseError('SLA violation: internal latency was 66.53ms'),1,2026-09-11T23:53:25Z,2026-09-11T23:53:25Z
POST,/v1/predict,CatchResponseError('SLA violation: internal latency was 128.44ms'),1,2026-09-11T23:53:38Z,2026-09-11T23:53:38Z
POST,/v1/predict,CatchResponseError('SLA violation: internal latency was 208.05ms'),1,2026-09-11T23:52:58Z,2026-09-11T23:52:58Z
POST,/v1/predict,CatchResponseError('SLA violation: internal latency was 87.21ms'),1,2026-09-11T23:53:30Z,2026-09-11T23:53:30Z
POST,/v1/predict,CatchResponseError('SLA violation: internal latency was 90.96ms'),1,2026-09-11T23:53:08Z,2026-09-11T23:53:08Z
POST,/v1/predict,CatchResponseError('SLA violation: internal latency was 52.08ms'),1,2026-09-11T23:53:36Z,2026-09-11T23:53:36Z
POST,/v1/predict,CatchResponseError('SLA violation: internal latency was 88.47ms'),1,2026-09-11T23:53:30Z,2026-09-11T23:53:30Z
POST,/v1/predict,CatchResponseError('SLA violation: internal latency was 59.29ms'),1,2026-09-11T23:53:32Z,2026-09-11T23:53:32Z
POST,/v1/predict,CatchResponseError('SLA violation: internal latency was 56.74ms'),1,2026-09-11T23:53:35Z,2026-09-11T23:53:35Z
POST,/v1/predict,CatchResponseError('SLA violation: internal latency was 59.32ms'),1,2026-09-11T23:53:23Z,2026-09-11T23:53:23Z
POST,/v1/predict,CatchResponseError('SLA violation: internal latency was 53.04ms'),1,2026-09-11T23:53:23Z,2026-09-11T23:53:23Z
POST,/v1/predict,CatchResponseError('SLA violation: internal latency was 81.16ms'),1,2026-09-11T23:53:30Z,2026-09-11T23:53:30Z
POST,/v1/predict,CatchResponseError('SLA violation: internal latency was 70.64ms'),1,2026-09-11T23:53:33Z,2026-09-11T23:53:33Z
POST,/v1/predict,CatchResponseError('SLA violation: internal latency was 72.46ms'),1,2026-09-11T23:52:59Z,2026-09-11T23:52:59Z
POST,/v1/predict,CatchResponseError('SLA violation: internal latency was 60.07ms'),1,2026-09-11T23:53:31Z,2026-09-11T23:53:31Z
POST,/v1/predict,CatchResponseError('SLA violation: internal latency was 57.5ms'),1,2026-09-11T23:53:06Z,2026-09-11T23:53:06Z
POST,/v1/predict,CatchResponseError('SLA violation: internal latency was 60.89ms'),1,2026-09-11T23:53:38Z,2026-09-11T23:53:38Z
POST,/v1/predict,CatchResponseError('SLA violation: internal latency was 90.88ms'),1,2026-09-11T23:53:38Z,2026-09-11T23:53:38Z
POST,/v1/predict,CatchResponseError('SLA violation: internal latency was 93.33ms'),1,2026-09-11T23:53:38Z,2026-09-11T23:53:38Z
POST,/v1/predict,CatchResponseError('SLA violation: internal latency was 52.67ms'),1,2026-09-11T23:53:02Z,2026-09-11T23:53:02Z
POST,/v1/predict,CatchResponseError('SLA violation: internal latency was 76.65ms'),1,2026-09-11T23:53:23Z,2026-09-11T23:53:23Z
POST,/v1/predict,CatchResponseError('SLA violation: internal latency was 54.62ms'),1,2026-09-11T23:53:24Z,2026-09-11T23:53:24Z
POST,/v1/predict,CatchResponseError('SLA violation: internal latency was 53.43ms'),1,2026-09-11T23:53:29Z,2026-09-11T23:53:29Z
POST,/v1/predict,CatchResponseError('SLA violation: internal latency was 80.6ms'),1,2026-09-11T23:53:38Z,2026-09-11T23:53:38Z
POST,/v1/predict,CatchResponseError('SLA violation: internal latency was 80.9ms'),1,2026-09-11T23:53:09Z,2026-09-11T23:53:09Z
POST,/v1/predict,CatchResponseError('SLA violation: internal latency was 56.54ms'),1,2026-09-11T23:53:33Z,2026-09-11T23:53:33Z
POST,/v1/predict,CatchResponseError('SLA violation: internal latency was 59.54ms'),1,2026-09-11T23:53:22Z,2026-09-11T23:53:22Z
POST,/v1/predict,CatchResponseError('SLA violation: internal latency was 59.14ms'),1,2026-09-11T23:53:23Z,2026-09-11T23:53:23Z
POST,/v1/predict,CatchResponseError('SLA violation: internal latency was 68.63ms'),1,2026-09-11T23:53:26Z,2026-09-11T23:53:26Z
POST,/v1/predict,CatchResponseError('SLA violation: internal latency was 98.02ms'),1,2026-09-11T23:53:08Z,2026-09-11T23:53:08Z
POST,/v1/predict,CatchResponseError('SLA violation: internal latency was 54.26ms'),1,2026-09-11T23:53:26Z,2026-09-11T23:53:26Z
POST,/v1/predict,CatchResponseError('SLA violation: internal latency was 66.77ms'),1,2026-09-11T23:53:23Z,2026-09-11T23:53:23Z
POST,/v1/predict,CatchResponseError('SLA violation: internal latency was 297.29ms'),1,2026-09-11T23:53:34Z,2026-09-11T23:53:34Z
POST,/v1/predict,CatchResponseError('SLA violation: internal latency was 107.85ms'),1,2026-09-11T23:53:38Z,2026-09-11T23:53:38Z
POST,/v1/predict,CatchResponseError('SLA violation: internal latency was 99.51ms'),1,2026-09-11T23:53:38Z,2026-09-11T23:53:38Z
POST,/v1/predict,CatchResponseError('SLA violation: internal latency was 58.26ms'),1,2026-09-11T23:53:23Z,2026-09-11T23:53:23Z
POST,/v1/predict,CatchResponseError('SLA violation: internal latency was 52.12ms'),1,2026-09-11T23:53:24Z,2026-09-11T23:53:24Z
POST,/v1/predict,CatchResponseError('SLA violation: internal latency was 77.69ms'),1,2026-09-11T23:53:32Z,2026-09-11T23:53:32Z
POST,/v1/predict,CatchResponseError('SLA violation: internal latency was 76.97ms'),1,2026-09-11T23:53:23Z,2026-09-11T23:53:23Z
POST,/v1/predict,CatchResponseError('SLA violation: internal latency was 119.19ms'),1,2026-09-11T23:53:29Z,2026-09-11T23:53:29Z
POST,/v1/predict,CatchResponseError('SLA violation: internal latency was 54.04ms'),1,2026-09-11T23:53:06Z,2026-09-11T23:53:06Z
POST,/v1/predict,CatchResponseError('SLA violation: internal latency was 68.36ms'),2,2026-09-11T23:53:00Z,2026-09-11T23:53:35Z
POST,/v1/predict,CatchResponseError('SLA violation: internal latency was 62.71ms'),1,2026-09-11T23:53:29Z,2026-09-11T23:53:29Z
POST,/v1/predict,CatchResponseError('SLA violation: internal latency was 70.71ms'),2,2026-09-11T23:53:32Z,2026-09-11T23:53:38Z
POST,/v1/predict,CatchResponseError('SLA violation: internal latency was 56.99ms'),1,2026-09-11T23:53:06Z,2026-09-11T23:53:06Z
POST,/v1/predict,CatchResponseError('SLA violation: internal latency was 269.31ms'),1,2026-09-11T23:53:35Z,2026-09-11T23:53:35Z
POST,/v1/predict,CatchResponseError('SLA violation: internal latency was 110.87ms'),1,2026-09-11T23:53:29Z,2026-09-11T23:53:29Z
POST,/v1/predict,CatchResponseError('SLA violation: internal latency was 52.72ms'),1,2026-09-11T23:53:30Z,2026-09-11T23:53:30Z
POST,/v1/predict,CatchResponseError('SLA violation: internal latency was 64.63ms'),1,2026-09-11T23:53:23Z,2026-09-11T23:53:23Z
POST,/v1/predict,CatchResponseError('SLA violation: internal latency was 74.11ms'),1,2026-09-11T23:53:05Z,2026-09-11T23:53:05Z
POST,/v1/predict,CatchResponseError('SLA violation: internal latency was 50.98ms'),1,2026-09-11T23:53:36Z,2026-09-11T23:53:36Z
POST,/v1/predict,CatchResponseError('SLA violation: internal latency was 131.77ms'),1,2026-09-11T23:53:38Z,2026-09-11T23:53:38Z
POST,/v1/predict,CatchResponseError('SLA violation: internal latency was 82.55ms'),1,2026-09-11T23:53:29Z,2026-09-11T23:53:29Z
POST,/v1/predict,CatchResponseError('SLA violation: internal latency was 82.81ms'),1,2026-09-11T23:53:38Z,2026-09-11T23:53:38Z
POST,/v1/predict,CatchResponseError('SLA violation: internal latency was 75.67ms'),1,2026-09-11T23:53:34Z,2026-09-11T23:53:34Z
POST,/v1/predict,CatchResponseError('SLA violation: internal latency was 73.24ms'),1,2026-09-11T23:53:32Z,2026-09-11T23:53:32Z
POST,/v1/predict,CatchResponseError('SLA violation: internal latency was 69.01ms'),1,2026-09-11T23:53:34Z,2026-09-11T23:53:34Z
POST,/v1/predict,CatchResponseError('SLA violation: internal latency was 108.44ms'),1,2026-09-11T23:53:38Z,2026-09-11T23:53:38Z
POST,/v1/predict,CatchResponseError('SLA violation: internal latency was 64.75ms'),1,2026-09-11T23:53:02Z,2026-09-11T23:53:02Z
POST,/v1/predict,CatchResponseError('SLA violation: internal latency was 56.76ms'),1,2026-09-11T23:53:30Z,2026-09-11T23:53:30Z
POST,/v1/predict,CatchResponseError('SLA violation: internal latency was 79.55ms'),1,2026-09-11T23:53:35Z,2026-09-11T23:53:35Z
POST,/v1/predict,CatchResponseError('SLA violation: internal latency was 53.61ms'),1,2026-09-11T23:53:04Z,2026-09-11T23:53:04Z
POST,/v1/predict,CatchResponseError('SLA violation: internal latency was 97.36ms'),1,2026-09-11T23:53:30Z,2026-09-11T23:53:30Z
POST,/v1/predict,CatchResponseError('SLA violation: internal latency was 54.11ms'),1,2026-09-11T23:53:07Z,2026-09-11T23:53:07Z
POST,/v1/predict,CatchResponseError('SLA violation: internal latency was 62.64ms'),1,2026-09-11T23:53:00Z,2026-09-11T23:53:00Z
POST,/v1/predict,CatchResponseError('SLA violation: internal latency was 69.36ms'),1,2026-09-11T23:53:34Z,2026-09-11T23:53:34Z
POST,/v1/predict,CatchResponseError('SLA violation: internal latency was 50.58ms'),1,2026-09-11T23:53:01Z,2026-09-11T23:53:01Z
POST,/v1/predict,CatchResponseError('SLA violation: internal latency was 135.52ms'),1,2026-09-11T23:53:38Z,2026-09-11T23:53:38Z
POST,/v1/predict,CatchResponseError('SLA violation: internal latency was 84.93ms'),1,2026-09-11T23:53:23Z,2026-09-11T23:53:23Z
POST,/v1/predict,CatchResponseError('SLA violation: internal latency was 82.42ms'),1,2026-09-11T23:53:32Z,2026-09-11T23:53:32Z
POST,/v1/predict,CatchResponseError('SLA violation: internal latency was 134.65ms'),1,2026-09-11T23:53:38Z,2026-09-11T23:53:38Z
POST,/v1/predict,CatchResponseError('SLA violation: internal latency was 58.34ms'),1,2026-09-11T23:53:05Z,2026-09-11T23:53:05Z
POST,/v1/predict,CatchResponseError('SLA violation: internal latency was 87.3ms'),1,2026-09-11T23:53:32Z,2026-09-11T23:53:32Z
POST,/v1/predict,CatchResponseError('SLA violation: internal latency was 57.94ms'),1,2026-09-11T23:53:08Z,2026-09-11T23:53:08Z
POST,/v1/predict,CatchResponseError('SLA violation: internal latency was 73.09ms'),1,2026-09-11T23:53:29Z,2026-09-11T23:53:29Z
POST,/v1/predict,CatchResponseError('SLA violation: internal latency was 56.08ms'),1,2026-09-11T23:53:22Z,2026-09-11T23:53:22Z
POST,/v1/predict,CatchResponseError('SLA violation: internal latency was 88.61ms'),1,2026-09-11T23:53:33Z,2026-09-11T23:53:33Z
POST,/v1/predict,CatchResponseError('SLA violation: internal latency was 50.22ms'),1,2026-09-11T23:53:25Z,2026-09-11T23:53:25Z
POST,/v1/predict,CatchResponseError('SLA violation: internal latency was 65.15ms'),1,2026-09-11T23:53:33Z,2026-09-11T23:53:33Z
POST,/v1/predict,CatchResponseError('SLA violation: internal latency was 66.74ms'),1,2026-09-11T23:53:25Z,2026-09-11T23:53:25Z
POST,/v1/predict,CatchResponseError('SLA violation: internal latency was 53.3ms'),1,2026-09-11T23:53:22Z,2026-09-11T23:53:22Z
POST,/v1/predict,CatchResponseError('SLA violation: internal latency was 89.55ms'),1,2026-09-11T23:53:36Z,2026-09-11T23:53:36Z
POST,/v1/predict,CatchResponseError('SLA violation: internal latency was 55.52ms'),1,2026-09-11T23:53:00Z,2026-09-11T23:53:00Z
POST,/v1/predict,CatchResponseError('SLA violation: internal latency was 54.98ms'),1,2026-09-11T23:53:24Z,2026-09-11T23:53:24Z
POST,/v1/predict,CatchResponseError('SLA violation: internal latency was 50.17ms'),1,2026-09-11T23:52:59Z,2026-09-11T23:52:59Z
POST,/v1/predict,CatchResponseError('SLA violation: internal latency was 52.95ms'),1,2026-09-11T23:53:31Z,2026-09-11T23:53:31Z
POST,/v1/predict,CatchResponseError('SLA violation: internal latency was 61.18ms'),1,2026-09-11T23:53:31Z,2026-09-11T23:53:31Z
POST,/v1/predict,CatchResponseError('SLA violation: internal latency was 111.39ms'),1,2026-09-11T23:53:38Z,2026-09-11T23:53:38Z
POST,/v1/predict,CatchResponseError('SLA violation: internal latency was 73.86ms'),1,2026-09-11T23:53:32Z,2026-09-11T23:53:32Z
POST,/v1/predict,CatchResponseError('SLA violation: internal latency was 53.39ms'),1,2026-09-11T23:53:34Z,2026-09-11T23:53:34Z
POST,/v1/predict,CatchResponseError('SLA violation: internal latency was 67.65ms'),1,2026-09-11T23:53:33Z,2026-09-11T23:53:33Z
POST,/v1/predict,CatchResponseError('SLA violation: internal latency was 59.61ms'),1,2026-09-11T23:53:32Z,2026-09-11T23:53:32Z
POST,/v1/predict,CatchResponseError('SLA violation: internal latency was 81.53ms'),1,2026-09-11T23:53:33Z,2026-09-11T23:53:33Z
POST,/v1/predict,CatchResponseError('SLA violation: internal latency was 75.53ms'),1,2026-09-11T23:53:34Z,2026-09-11T23:53:34Z
POST,/v1/predict,CatchResponseError('SLA violation: internal latency was 63.37ms'),1,2026-09-11T23:53:32Z,2026-09-11T23:53:32Z
POST,/v1/predict,CatchResponseError('SLA violation: internal latency was 103.49ms'),1,2026-09-11T23:53:38Z,2026-09-11T23:53:38Z
POST,/v1/predict,CatchResponseError('SLA violation: internal latency was 57.68ms'),1,2026-09-11T23:53:36Z,2026-09-11T23:53:36Z
POST,/v1/predict,CatchResponseError('SLA violation: internal latency was 59.87ms'),1,2026-09-11T23:53:33Z,2026-09-11T23:53:33Z
POST,/v1/predict,CatchResponseError('SLA violation: internal latency was 93.52ms'),1,2026-09-11T23:53:33Z,2026-09-11T23:53:33Z
POST,/v1/predict,CatchResponseError('SLA violation: internal latency was 60.01ms'),1,2026-09-11T23:53:25Z,2026-09-11T23:53:25Z
POST,/v1/predict,CatchResponseError('SLA violation: internal latency was 130.38ms'),1,2026-09-11T23:53:31Z,2026-09-11T23:53:31Z
POST,/v1/predict,CatchResponseError('SLA violation: internal latency was 72.27ms'),1,2026-09-11T23:53:26Z,2026-09-11T23:53:26Z
POST,/v1/predict,CatchResponseError('SLA violation: internal latency was 66.28ms'),1,2026-09-11T23:53:31Z,2026-09-11T23:53:31Z
POST,/v1/predict,CatchResponseError('SLA violation: internal latency was 61.11ms'),1,2026-09-11T23:53:26Z,2026-09-11T23:53:26Z
POST,/v1/predict,CatchResponseError('SLA violation: internal latency was 55.79ms'),1,2026-09-11T23:53:34Z,2026-09-11T23:53:34Z
POST,/v1/predict,CatchResponseError('SLA violation: internal latency was 62.76ms'),1,2026-09-11T23:53:26Z,2026-09-11T23:53:26Z
POST,/v1/predict,CatchResponseError('SLA violation: internal latency was 81.21ms'),1,2026-09-11T23:53:30Z,2026-09-11T23:53:30Z
POST,/v1/predict,CatchResponseError('SLA violation: internal latency was 59.11ms'),1,2026-09-11T23:53:33Z,2026-09-11T23:53:33Z
POST,/v1/predict,CatchResponseError('SLA violation: internal latency was 62.02ms'),1,2026-09-11T23:53:23Z,2026-09-11T23:53:23Z
POST,/v1/predict,CatchResponseError('SLA violation: internal latency was 72.57ms'),1,2026-09-11T23:53:30Z,2026-09-11T23:53:30Z
POST,/v1/predict,CatchResponseError('SLA violation: internal latency was 75.46ms'),1,2026-09-11T23:53:23Z,2026-09-11T23:53:23Z
POST,/v1/predict,CatchResponseError('SLA violation: internal latency was 103.53ms'),1,2026-09-11T23:53:29Z,2026-09-11T23:53:29Z
POST,/v1/predict,CatchResponseError('SLA violation: internal latency was 59.77ms'),2,2026-09-11T23:53:24Z,2026-09-11T23:53:36Z
POST,/v1/predict,CatchResponseError('SLA violation: internal latency was 76.72ms'),1,2026-09-11T23:53:30Z,2026-09-11T23:53:30Z
POST,/v1/predict,CatchResponseError('SLA violation: internal latency was 9979.41ms'),1,2026-09-11T23:53:19Z,2026-09-11T23:53:19Z
POST,/v1/predict,CatchResponseError('SLA violation: internal latency was 197.75ms'),1,2026-09-11T23:52:56Z,2026-09-11T23:52:56Z
POST,/v1/predict,CatchResponseError('SLA violation: internal latency was 73.6ms'),1,2026-09-11T23:53:32Z,2026-09-11T23:53:32Z
POST,/v1/predict,CatchResponseError('SLA violation: internal latency was 51.91ms'),1,2026-09-11T23:53:29Z,2026-09-11T23:53:29Z
POST,/v1/predict,CatchResponseError('SLA violation: internal latency was 63.35ms'),1,2026-09-11T23:53:32Z,2026-09-11T23:53:32Z
POST,/v1/predict,CatchResponseError('SLA violation: internal latency was 55.26ms'),1,2026-09-11T23:52:57Z,2026-09-11T23:52:57Z
POST,/v1/predict,CatchResponseError('SLA violation: internal latency was 54.61ms'),1,2026-09-11T23:53:25Z,2026-09-11T23:53:25Z
POST,/v1/predict,CatchResponseError('SLA violation: internal latency was 66.94ms'),1,2026-09-11T23:53:26Z,2026-09-11T23:53:26Z
POST,/v1/predict,CatchResponseError('SLA violation: internal latency was 55.85ms'),1,2026-09-11T23:53:28Z,2026-09-11T23:53:28Z
POST,/v1/predict,CatchResponseError('SLA violation: internal latency was 110.79ms'),1,2026-09-11T23:53:30Z,2026-09-11T23:53:30Z
POST,/v1/predict,CatchResponseError('SLA violation: internal latency was 56.04ms'),1,2026-09-11T23:53:32Z,2026-09-11T23:53:32Z
POST,/v1/predict,CatchResponseError('SLA violation: internal latency was 64.19ms'),1,2026-09-11T23:53:36Z,2026-09-11T23:53:36Z
POST,/v1/predict,CatchResponseError('SLA violation: internal latency was 54.89ms'),1,2026-09-11T23:53:30Z,2026-09-11T23:53:30Z
POST,/v1/predict,CatchResponseError('SLA violation: internal latency was 55.54ms'),1,2026-09-11T23:53:06Z,2026-09-11T23:53:06Z
POST,/v1/predict,CatchResponseError('SLA violation: internal latency was 50.27ms'),1,2026-09-11T23:53:25Z,2026-09-11T23:53:25Z
POST,/v1/predict,CatchResponseError('SLA violation: internal latency was 55.9ms'),1,2026-09-11T23:53:25Z,2026-09-11T23:53:25Z
POST,/v1/predict,CatchResponseError('SLA violation: internal latency was 130.13ms'),1,2026-09-11T23:53:29Z,2026-09-11T23:53:29Z
POST,/v1/predict,CatchResponseError('SLA violation: internal latency was 80.13ms'),1,2026-09-11T23:53:38Z,2026-09-11T23:53:38Z
POST,/v1/predict,CatchResponseError('SLA violation: internal latency was 134.47ms'),1,2026-09-11T23:53:32Z,2026-09-11T23:53:32Z
POST,/v1/predict,CatchResponseError('SLA violation: internal latency was 92.52ms'),1,2026-09-11T23:53:30Z,2026-09-11T23:53:30Z
POST,/v1/predict,CatchResponseError('SLA violation: internal latency was 52.88ms'),1,2026-09-11T23:53:08Z,2026-09-11T23:53:08Z
POST,/v1/predict,CatchResponseError('SLA violation: internal latency was 58.55ms'),1,2026-09-11T23:53:26Z,2026-09-11T23:53:26Z
POST,/v1/predict,CatchResponseError('SLA violation: internal latency was 60.21ms'),1,2026-09-11T23:53:33Z,2026-09-11T23:53:33Z
POST,/v1/predict,CatchResponseError('SLA violation: internal latency was 86.48ms'),2,2026-09-11T23:53:09Z,2026-09-11T23:53:30Z
POST,/v1/predict,CatchResponseError('SLA violation: internal latency was 144.24ms'),1,2026-09-11T23:53:38Z,2026-09-11T23:53:38Z
POST,/v1/predict,CatchResponseError('SLA violation: internal latency was 61.93ms'),1,2026-09-11T23:53:32Z,2026-09-11T23:53:32Z
POST,/v1/predict,CatchResponseError('SLA violation: internal latency was 87.73ms'),1,2026-09-11T23:53:33Z,2026-09-11T23:53:33Z
POST,/v1/predict,CatchResponseError('SLA violation: internal latency was 56.03ms'),1,2026-09-11T23:53:24Z,2026-09-11T23:53:24Z
POST,/v1/predict,CatchResponseError('SLA violation: internal latency was 81.44ms'),1,2026-09-11T23:53:26Z,2026-09-11T23:53:26Z
POST,/v1/predict,CatchResponseError('SLA violation: internal latency was 90.91ms'),1,2026-09-11T23:53:29Z,2026-09-11T23:53:29Z
POST,/v1/predict,CatchResponseError('SLA violation: internal latency was 75.3ms'),1,2026-09-11T23:53:25Z,2026-09-11T23:53:25Z
POST,/v1/predict,CatchResponseError('SLA violation: internal latency was 69.94ms'),1,2026-09-11T23:53:32Z,2026-09-11T23:53:32Z
POST,/v1/predict,CatchResponseError('SLA violation: internal latency was 65.26ms'),1,2026-09-11T23:53:22Z,2026-09-11T23:53:22Z
POST,/v1/predict,CatchResponseError('SLA violation: internal latency was 60.57ms'),1,2026-09-11T23:53:32Z,2026-09-11T23:53:32Z
POST,/v1/predict,CatchResponseError('SLA violation: internal latency was 50.15ms'),1,2026-09-11T23:53:33Z,2026-09-11T23:53:33Z
POST,/v1/predict,CatchResponseError('SLA violation: internal latency was 63.5ms'),1,2026-09-11T23:53:30Z,2026-09-11T23:53:30Z
POST,/v1/predict,CatchResponseError('SLA violation: internal latency was 55.49ms'),1,2026-09-11T23:53:00Z,2026-09-11T23:53:00Z
POST,/v1/predict,CatchResponseError('SLA violation: internal latency was 117.35ms'),1,2026-09-11T23:53:30Z,2026-09-11T23:53:30Z
POST,/v1/predict,CatchResponseError('SLA violation: internal latency was 63.18ms'),1,2026-09-11T23:53:33Z,2026-09-11T23:53:33Z
POST,/v1/predict,CatchResponseError('SLA violation: internal latency was 77.47ms'),1,2026-09-11T23:53:08Z,2026-09-11T23:53:08Z
POST,/v1/predict,CatchResponseError('SLA violation: internal latency was 72.08ms'),1,2026-09-11T23:53:23Z,2026-09-11T23:53:23Z
POST,/v1/predict,CatchResponseError('SLA violation: internal latency was 64.22ms'),1,2026-09-11T23:53:23Z,2026-09-11T23:53:23Z
POST,/v1/predict,CatchResponseError('SLA violation: internal latency was 101.9ms'),1,2026-09-11T23:53:38Z,2026-09-11T23:53:38Z
POST,/v1/predict,CatchResponseError('SLA violation: internal latency was 53.87ms'),1,2026-09-11T23:53:28Z,2026-09-11T23:53:28Z
POST,/v1/predict,CatchResponseError('SLA violation: internal latency was 90.13ms'),1,2026-09-11T23:53:38Z,2026-09-11T23:53:38Z
POST,/v1/predict,CatchResponseError('SLA violation: internal latency was 51.24ms'),1,2026-09-11T23:53:31Z,2026-09-11T23:53:31Z
POST,/v1/predict,CatchResponseError('SLA violation: internal latency was 52.53ms'),1,2026-09-11T23:53:24Z,2026-09-11T23:53:24Z
POST,/v1/predict,CatchResponseError('SLA violation: internal latency was 50.19ms'),1,2026-09-11T23:53:06Z,2026-09-11T23:53:06Z
POST,/v1/predict,CatchResponseError('SLA violation: internal latency was 74.2ms'),1,2026-09-11T23:53:30Z,2026-09-11T23:53:30Z
POST,/v1/predict,CatchResponseError('SLA violation: internal latency was 64.36ms'),1,2026-09-11T23:53:32Z,2026-09-11T23:53:32Z
POST,/v1/predict,CatchResponseError('SLA violation: internal latency was 63.16ms'),1,2026-09-11T23:53:26Z,2026-09-11T23:53:26Z
POST,/v1/predict,CatchResponseError('SLA violation: internal latency was 96.83ms'),1,2026-09-11T23:53:34Z,2026-09-11T23:53:34Z
POST,/v1/predict,CatchResponseError('SLA violation: internal latency was 104.1ms'),1,2026-09-11T23:53:24Z,2026-09-11T23:53:24Z
POST,/v1/predict,CatchResponseError('SLA violation: internal latency was 55.51ms'),1,2026-09-11T23:53:31Z,2026-09-11T23:53:31Z
POST,/v1/predict,CatchResponseError('SLA violation: internal latency was 51.49ms'),1,2026-09-11T23:53:28Z,2026-09-11T23:53:28Z
POST,/v1/predict,CatchResponseError('SLA violation: internal latency was 53.06ms'),1,2026-09-11T23:53:33Z,2026-09-11T23:53:33Z
POST,/v1/predict,CatchResponseError('SLA violation: internal latency was 79.57ms'),1,2026-09-11T23:53:34Z,2026-09-11T23:53:34Z
POST,/v1/predict,CatchResponseError('SLA violation: internal latency was 59.58ms'),1,2026-09-11T23:53:33Z,2026-09-11T23:53:33Z
POST,/v1/predict,CatchResponseError('SLA violation: internal latency was 74.1ms'),1,2026-09-11T23:53:23Z,2026-09-11T23:53:23Z
POST,/v1/predict,CatchResponseError('SLA violation: internal latency was 76.71ms'),1,2026-09-11T23:53:23Z,2026-09-11T23:53:23Z
POST,/v1/predict,CatchResponseError('SLA violation: internal latency was 55.15ms'),1,2026-09-11T23:53:32Z,2026-09-11T23:53:32Z
POST,/v1/predict,CatchResponseError('SLA violation: internal latency was 54.95ms'),1,2026-09-11T23:53:36Z,2026-09-11T23:53:36Z
POST,/v1/predict,CatchResponseError('SLA violation: internal latency was 57.55ms'),1,2026-09-11T23:53:32Z,2026-09-11T23:53:32Z
POST,/v1/predict,CatchResponseError('SLA violation: internal latency was 74.48ms'),1,2026-09-11T23:53:23Z,2026-09-11T23:53:23Z
POST,/v1/predict,CatchResponseError('SLA violation: internal latency was 133.45ms'),1,2026-09-11T23:53:01Z,2026-09-11T23:53:01Z
POST,/v1/predict,CatchResponseError('SLA violation: internal latency was 53.67ms'),1,2026-09-11T23:53:02Z,2026-09-11T23:53:02Z
POST,/v1/predict,CatchResponseError('SLA violation: internal latency was 76.27ms'),1,2026-09-11T23:53:20Z,2026-09-11T23:53:20Z
POST,/v1/predict,CatchResponseError('SLA violation: internal latency was 55.14ms'),1,2026-09-11T23:53:29Z,2026-09-11T23:53:29Z
POST,/v1/predict,CatchResponseError('SLA violation: internal latency was 61.56ms'),1,2026-09-11T23:53:29Z,2026-09-11T23:53:29Z
POST,/v1/predict,CatchResponseError('SLA violation: internal latency was 52.45ms'),1,2026-09-11T23:53:29Z,2026-09-11T23:53:29Z
POST,/v1/predict,CatchResponseError('SLA violation: internal latency was 65.8ms'),1,2026-09-11T23:53:28Z,2026-09-11T23:53:28Z
POST,/v1/predict,CatchResponseError('SLA violation: internal latency was 59.73ms'),1,2026-09-11T23:53:34Z,2026-09-11T23:53:34Z
POST,/v1/predict,CatchResponseError('SLA violation: internal latency was 63.77ms'),1,2026-09-11T23:53:33Z,2026-09-11T23:53:33Z
POST,/v1/predict,CatchResponseError('SLA violation: internal latency was 73.3ms'),1,2026-09-11T23:53:30Z,2026-09-11T23:53:30Z
POST,/v1/predict,CatchResponseError('SLA violation: internal latency was 54.42ms'),1,2026-09-11T23:53:27Z,2026-09-11T23:53:27Z
POST,/v1/predict,CatchResponseError('SLA violation: internal latency was 75.71ms'),1,2026-09-11T23:53:36Z,2026-09-11T23:53:36Z
POST,/v1/predict,CatchResponseError('SLA violation: internal latency was 112.72ms'),1,2026-09-11T23:53:38Z,2026-09-11T23:53:38Z
POST,/v1/predict,CatchResponseError('SLA violation: internal latency was 57.42ms'),1,2026-09-11T23:53:27Z,2026-09-11T23:53:27Z
POST,/v1/predict,CatchResponseError('SLA violation: internal latency was 56.89ms'),1,2026-09-11T23:53:26Z,2026-09-11T23:53:26Z
POST,/v1/predict,CatchResponseError('SLA violation: internal latency was 53.6ms'),1,2026-09-11T23:53:33Z,2026-09-11T23:53:33Z
POST,/v1/predict,CatchResponseError('SLA violation: internal latency was 81.2ms'),1,2026-09-11T23:53:09Z,2026-09-11T23:53:09Z
POST,/v1/predict,CatchResponseError('SLA violation: internal latency was 60.61ms'),1,2026-09-11T23:53:36Z,2026-09-11T23:53:36Z
POST,/v1/predict,CatchResponseError('SLA violation: internal latency was 52.71ms'),1,2026-09-11T23:53:31Z,2026-09-11T23:53:31Z
POST,/v1/predict,CatchResponseError('SLA violation: internal latency was 54.16ms'),1,2026-09-11T23:53:33Z,2026-09-11T23:53:33Z
POST,/v1/predict,CatchResponseError('SLA violation: internal latency was 87.26ms'),1,2026-09-11T23:53:32Z,2026-09-11T23:53:32Z
POST,/v1/predict,CatchResponseError('SLA violation: internal latency was 62.9ms'),1,2026-09-11T23:53:33Z,2026-09-11T23:53:33Z
POST,/v1/predict,CatchResponseError('SLA violation: internal latency was 55.75ms'),1,2026-09-11T23:53:22Z,2026-09-11T23:53:22Z
POST,/v1/predict,CatchResponseError('SLA violation: internal latency was 59.84ms'),1,2026-09-11T23:53:30Z,2026-09-11T23:53:30Z
POST,/v1/predict,CatchResponseError('SLA violation: internal latency was 52.96ms'),1,2026-09-11T23:52:56Z,2026-09-11T23:52:56Z
POST,/v1/predict,CatchResponseError('SLA violation: internal latency was 52.77ms'),1,2026-09-11T23:53:27Z,2026-09-11T23:53:27Z
POST,/v1/predict,CatchResponseError('SLA violation: internal latency was 89.29ms'),1,2026-09-11T23:53:29Z,2026-09-11T23:53:29Z
